sku,store_view_code,attribute_set_code,product_type,categories,product_websites,name,description,key_feature_1,key_feature_2,short_description,color,length,width,weight,product_online,tax_class_name,visibility,price,special_price,special_price_from_date,special_price_to_date,url_key,meta_title,meta_keywords,meta_description,created_at,updated_at,new_from_date,new_to_date,display_product_options_in,map_price,msrp_price,map_enabled,gift_message_available,custom_design,custom_design_from,custom_design_to,custom_layout_update,page_layout,product_options_container,msrp_display_actual_price_type,country_of_manufacture,additional_attributes,qty,out_of_stock_qty,use_config_min_qty,is_qty_decimal,allow_backorders,use_config_backorders,min_cart_qty,use_config_min_sale_qty,max_cart_qty,use_config_max_sale_qty,is_in_stock,notify_on_stock_below,use_config_notify_stock_qty,manage_stock,use_config_manage_stock,use_config_qty_increments,qty_increments,use_config_enable_qty_inc,enable_qty_increments,is_decimal_divided,website_id,deferred_stock_update,use_config_deferred_stock_update,related_skus,crosssell_skus,upsell_skus,hide_from_product_page,custom_options,bundle_price_type,bundle_sku_type,bundle_price_view,bundle_weight_type,bundle_values,associated_skus
EE001,,Default,simple,Earring,base,Antique Rosette Earring,"This handcrafted piece in antique gold, features  flower with grey stone having bead tassels.                                                                                                                                   ",Plating- Electroplated Antique gold             ,Stone-Faceted Foiled Stone,<ul><li>Plating- Electroplated Antique gold             </li><li>Stone-Faceted Foiled Stone</li></ul>,Antique gold,100,52,56,1,taxable,"Catalog, Search",1895,,,,Antique Rosette Earring,,,,,,,,,,,,,,,,,,,,,,10,,,,,,,,,,,,,,,,,,,,,,,,,,,,,,,,,
EE002,,Default,simple,Earring,base,Grey Anemone Earring,This grey anemone earring features Silver embellishment of stone on fabric combine with 3d glass pipe embalishment and grey feather                                                                                                                                                             ,Plating- Electroplated Silver  ,Stone-Faceted Foiled Stone ,<ul><li>Plating- Electroplated Silver  </li><li>Stone-Faceted Foiled Stone </li></ul>,Silver,85,35,45,1,taxable,"Catalog, Search",1999,,,,Grey Anemone Earring,,,,,,,,,,,,,,,,,,,,,,10,,,,,,,,,,,,,,,,,,,,,,,,,,,,,,,,,
EE003,,Default,simple,Earring,base,Clover Like Earring\ Deltoide Earring,Rose gold finish earrings with claw shape. Three layer of different shapes with grey stone enhancing the charm of this earring.                                                                                                         ,Plating- Electroplated Rose gold      ,Stone-Faceted Foiled Stone,<ul><li>Plating- Electroplated Rose gold      </li><li>Stone-Faceted Foiled Stone</li></ul>,Rose gold,130,70,50,1,taxable,"Catalog, Search",2895,,,,Clover Like Earring\ Deltoide Earring,,,,,,,,,,,,,,,,,,,,,,10,,,,,,,,,,,,,,,,,,,,,,,,,,,,,,,,,
EE004,,Default,simple,Earring,base,Abstract Mystery Earring,"This handcrafted Rectanglular tube rose gold earrings, arranged in an abstract form with crystal and grey glass pencil shape beads                                                                                                              ",Plating- Electroplated Rose gold                ,Stone-Faceted Foiled Stone,<ul><li>Plating- Electroplated Rose gold                </li><li>Stone-Faceted Foiled Stone</li></ul>,Rose gold,105,45,108,1,taxable,"Catalog, Search",3950,,,,Abstract Mystery Earring,,,,,,,,,,,,,,,,,,,,,,10,,,,,,,,,,,,,,,,,,,,,,,,,,,,,,,,,
EE005,,Default,simple,Earring,base,Septette Tassel Earring,"This Septette tassel Rose gold finish earrings, have grey stone and pearl with chain tassel attached from one ear to another. A must have.                                                                                                                          ",Plating- Electroplated Rose gold                                               ,Stone-Faceted Foiled Stone          ,<ul><li>Plating- Electroplated Rose gold                                               </li><li>Stone-Faceted Foiled Stone          </li></ul>,Rose gold,140,150,78,1,taxable,"Catalog, Search",3999,,,,Septette Tassel Earring,,,,,,,,,,,,,,,,,,,,,,10,,,,,,,,,,,,,,,,,,,,,,,,,,,,,,,,,
EE006,,Default,simple,Earring,base,Asymmetrical Baguette Hoops,Abstract arrangement of baguette with very distintive combination of crystal and rose gold.                                                                             ,Plating- Electroplated Rose gold                                               ,"Stone-Faceted Foiled Stone , Cubic Zirconia","<ul><li>Plating- Electroplated Rose gold                                               </li><li>Stone-Faceted Foiled Stone , Cubic Zirconia</li></ul>",Rose gold,70,50,50,1,taxable,"Catalog, Search",4550,,,,Asymmetrical Baguette Hoops,,,,,,,,,,,,,,,,,,,,,,10,,,,,,,,,,,,,,,,,,,,,,,,,,,,,,,,,
EE007,,Default,simple,Earring,base,Milky Diamond Earring,Milky Diamond Earring with diamond shape  arrangments in rose gold finish and oval crystal with opaque and grey beads.                                                ,Plating - Electroplated Rose gold                                               ,Stone-Faceted Foiled Stone,<ul><li>Plating - Electroplated Rose gold                                               </li><li>Stone-Faceted Foiled Stone</li></ul>,Rose gold,105,45,70,1,taxable,"Catalog, Search",2150,,,,Milky Diamond Earring,,,,,,,,,,,,,,,,,,,,,,10,,,,,,,,,,,,,,,,,,,,,,,,,,,,,,,,,
EE008,,Default,simple,Earring,base,Azaleas Tassel Earring, Azaleas tassel earrings with dramatic chain tassels. Handcrafted in Gunmetal plating with grey and crystal stones.                                                                                            ,Plating- ElectroplatedGunmetal                                              ,Stone-Faceted Foiled Stone,<ul><li>Plating- ElectroplatedGunmetal                                              </li><li>Stone-Faceted Foiled Stone</li></ul>,Gunmetal,270,55,125,1,taxable,"Catalog, Search",4599,,,,Azaleas Tassel Earring,,,,,,,,,,,,,,,,,,,,,,10,,,,,,,,,,,,,,,,,,,,,,,,,,,,,,,,,
EE009,,Default,simple,Earring,base,Abstract Adore Earring,This abstract earring is handcrafted with small metallic flower with pipe arranged in an abstract way with gunmetal spikes.                                                               ,Plating- Electroplated Gunmetal                                               ,Stone-Faceted Foiled Stone,<ul><li>Plating- Electroplated Gunmetal                                               </li><li>Stone-Faceted Foiled Stone</li></ul>,Gunmetal,135,70,78,1,taxable,"Catalog, Search",3449,,,,Abstract Adore Earring,,,,,,,,,,,,,,,,,,,,,,10,,,,,,,,,,,,,,,,,,,,,,,,,,,,,,,,,
EE010,,Default,simple,Earring,base,Enthral Gunmetal Earring ,Gunmetal statement piece with eye catching embellishment with crystal baguette golden grey sequins flower.                                                                                 ,Plating- Electroplated Gunmetal                                           ,Stone-Faceted Foiled Stone,<ul><li>Plating- Electroplated Gunmetal                                           </li><li>Stone-Faceted Foiled Stone</li></ul>,Gunmetal,140,90,92,1,taxable,"Catalog, Search",3450,,,,Enthral Gunmetal Earring ,,,,,,,,,,,,,,,,,,,,,,10,,,,,,,,,,,,,,,,,,,,,,,,,,,,,,,,,
EE011,,Default,simple,Earring,base, Grelish Earring,Rose gold plated Grelish earrings features grey and crystal execution with metal ball chain. Can be effortlessly coordinatined with everything.                              ,Plating- Electroplated Rose gold                                               ,Stone-Faceted Foiled Stone,<ul><li>Plating- Electroplated Rose gold                                               </li><li>Stone-Faceted Foiled Stone</li></ul>,Rose gold,125,60,86,1,taxable,"Catalog, Search",2899,,,, Grelish Earring,,,,,,,,,,,,,,,,,,,,,,10,,,,,,,,,,,,,,,,,,,,,,,,,,,,,,,,,
EE012,,Default,simple,Earring,base,The Allure Earring,Handcrafted Allure earrings with sequins is a masterpiece which features the petal crystal marquise and gush of gunmetal balls.                                                         ,Plating- Electroplated Silver and Gunmetal                                          ,Stone-Faceted Foiled Stone,<ul><li>Plating- Electroplated Silver and Gunmetal                                          </li><li>Stone-Faceted Foiled Stone</li></ul>,Gunmetal,175,75,80,1,taxable,"Catalog, Search",2995,,,,The Allure Earring,,,,,,,,,,,,,,,,,,,,,,10,,,,,,,,,,,,,,,,,,,,,,,,,,,,,,,,,
EE013,,Default,simple,Earring,base,Crystal Spiral Galaxy Earring ,"Handcrafted with rose gold plating and spirals,   Crystal baguette enhances the elegance of the this product with a round stone on top.                                            ",Plating- Electroplated Rose Gold                                              ,Stone-Faceted Foiled Stone,<ul><li>Plating- Electroplated Rose Gold                                              </li><li>Stone-Faceted Foiled Stone</li></ul>,Rose gold,70,55,31,1,taxable,"Catalog, Search",2449,,,,Crystal Spiral Galaxy Earring ,,,,,,,,,,,,,,,,,,,,,,10,,,,,,,,,,,,,,,,,,,,,,,,,,,,,,,,,
EE014,,Default,simple,Earring,base,Euphoria Ovate Earring,This euphoria ovate earrings features the oval shape ring and metal pipe with some grey stone and grey dazzle drops in rose gold plating.                                     ,Plating- Electroplated Rose Gold                                              ,Stone-Faceted Foiled Stone,<ul><li>Plating- Electroplated Rose Gold                                              </li><li>Stone-Faceted Foiled Stone</li></ul>,Rose gold,115,35,45,1,taxable,"Catalog, Search",2899,,,,Euphoria Ovate Earring,,,,,,,,,,,,,,,,,,,,,,10,,,,,,,,,,,,,,,,,,,,,,,,,,,,,,,,,
EE015,,Default,simple,Earring,base,Geometry Of Space Earring,"Abtract geometrical shapes arranged in a simple format making it suitable for the classiest of affairs. Product features crystal, opaque and gold baguette stones.                                                                           ",Plating- Electroplated Rose Gold                                       ,Stone-Faceted Foiled Stone,<ul><li>Plating- Electroplated Rose Gold                                       </li><li>Stone-Faceted Foiled Stone</li></ul>,Rose gold,65,40,30,1,taxable,"Catalog, Search",2199,,,,Geometry Of Space Earring,,,,,,,,,,,,,,,,,,,,,,10,,,,,,,,,,,,,,,,,,,,,,,,,,,,,,,,,
EE016,,Default,simple,Earring,base,Milky Midnight Earring,This handcrafted rose gold finish earring has opaque milky and grey glass beads with spiral features. Claw like shape at the bottom.                                                                        ,Plating- Electroplated Rose gold                                               ,Stone-Faceted Foiled Stone,<ul><li>Plating- Electroplated Rose gold                                               </li><li>Stone-Faceted Foiled Stone</li></ul>,Rose gold,105,50,57,1,taxable,"Catalog, Search",2750,,,,Milky Midnight Earring,,,,,,,,,,,,,,,,,,,,,,10,,,,,,,,,,,,,,,,,,,,,,,,,,,,,,,,,
EE017,,Default,simple,Earring,base,Pearl Paradise Earring,This Pearl paradise earring has a circular design. Texture domed sheet combine in such way that is gives an elegant abstract look.                                                                             ,Plating- Electroplated Rose gold                                               ,Stone-Faceted Foiled Stone,<ul><li>Plating- Electroplated Rose gold                                               </li><li>Stone-Faceted Foiled Stone</li></ul>,Rose gold,100,80,52,1,taxable,"Catalog, Search",2795,,,,Pearl Paradise Earring,,,,,,,,,,,,,,,,,,,,,,10,,,,,,,,,,,,,,,,,,,,,,,,,,,,,,,,,
EE018,,Default,simple,Earring,base,Cuatro Lines Earring,"This rose gold minimlistic earring in shape of marquise, features four straights line in beam form with crystal marquise.                                                    ",Plating- Electroplated Rose gold                                               ,Stone-Faceted Foiled Stone,<ul><li>Plating- Electroplated Rose gold                                               </li><li>Stone-Faceted Foiled Stone</li></ul>,Rose gold,50,30,14,1,taxable,"Catalog, Search",1499,,,,Cuatro Lines Earring,,,,,,,,,,,,,,,,,,,,,,10,,,,,,,,,,,,,,,,,,,,,,,,,,,,,,,,,
EE019,,Default,simple,Earring,base,Mesh Round Earring,"Mesh round earring has two mesh structure arranged in different lengths, hanging in half a round sheet with crystal and grey stone.                                   ",Plating- Electroplated Rose gold                                               ,Stone-Faceted Foiled Stone,<ul><li>Plating- Electroplated Rose gold                                               </li><li>Stone-Faceted Foiled Stone</li></ul>,Rose gold,110,35,40,1,taxable,"Catalog, Search",2850,,,,Mesh Round Earring,,,,,,,,,,,,,,,,,,,,,,10,,,,,,,,,,,,,,,,,,,,,,,,,,,,,,,,,
EE020,,Default,simple,Earring,base,Pearl Galaxy Earring,"Handcrafted with rose gold plating in a circular arrangement, this product has unblemished pearls to provide elegance to this piece with grey stone on the top.                                                                                ",Plating- Electroplated Rose gold                                               ,Stone-Faceted Foiled Stone,<ul><li>Plating- Electroplated Rose gold                                               </li><li>Stone-Faceted Foiled Stone</li></ul>,Rose gold,60,35,40,1,taxable,"Catalog, Search",2150,,,,Pearl Galaxy Earring,,,,,,,,,,,,,,,,,,,,,,10,,,,,,,,,,,,,,,,,,,,,,,,,,,,,,,,,
EE021,,Default,simple,Earring,base,Asymmetrical Twisted Earring,"Unique combination of a stud and earcuff, paired earrings with grey glass bead which enhances the pair.                                                                                                            ",Plating- Electroplated Rose gold                                               ,Stone-Faceted Foiled Stone,<ul><li>Plating- Electroplated Rose gold                                               </li><li>Stone-Faceted Foiled Stone</li></ul>,Rose gold,105,60,40,1,taxable,"Catalog, Search",1849,,,,Asymmetrical Twisted Earring,,,,,,,,,,,,,,,,,,,,,,10,,,,,,,,,,,,,,,,,,,,,,,,,,,,,,,,,
EE022,,Default,simple,Earring,base,The beatitude Earring,The beatitude earrings has diamond shape attached with circular wire frame with dangle grey glass beads                                                                                  ,Plating- Electroplated Rose gold                                               ,Stone-Faceted Foiled Stone,<ul><li>Plating- Electroplated Rose gold                                               </li><li>Stone-Faceted Foiled Stone</li></ul>,Rose gold,115,60,52,1,taxable,"Catalog, Search",2450,,,,The beatitude Earring,,,,,,,,,,,,,,,,,,,,,,10,,,,,,,,,,,,,,,,,,,,,,,,,,,,,,,,,
EE023,,Default,simple,Earring,base,Cloudy Midnight Earring ,"Handcrafted with rose gold plating features gush of grey beads , with crystal and opaque stone and diamond shape at the top .                                                                              ",Plating- Electroplated Rose gold                                               ,Stone-Faceted Foiled Stone,<ul><li>Plating- Electroplated Rose gold                                               </li><li>Stone-Faceted Foiled Stone</li></ul>,Rose gold,85,60,60,1,taxable,"Catalog, Search",1999,,,,Cloudy Midnight Earring ,,,,,,,,,,,,,,,,,,,,,,10,,,,,,,,,,,,,,,,,,,,,,,,,,,,,,,,,
EE024,,Default,simple,Earring,base,The Shell Elegance Earring,"The shell elegance earrings is handcrafted with silver plating,look features shell at the centre and surrounded with crystal marquise                                                                ",Plating- Electroplated Silver gold                                               ,Stone-Faceted Foiled Stone,<ul><li>Plating- Electroplated Silver gold                                               </li><li>Stone-Faceted Foiled Stone</li></ul>,Gunmetal,75,65,40,1,taxable,"Catalog, Search",1950,,,,The Shell Elegance Earring,,,,,,,,,,,,,,,,,,,,,,10,,,,,,,,,,,,,,,,,,,,,,,,,,,,,,,,,
EE025,,Default,simple,Earring,base,The Elite Grey Earring,This earrings is embalished with foiled grey stone along with glass beads in rose gold plating make.                                        ,      Plating- Electroplated Rose gold                                               ,Stone-Faceted Foiled Stone,<ul><li>      Plating- Electroplated Rose gold                                               </li><li>Stone-Faceted Foiled Stone</li></ul>,Rose gold,120,60,50,1,taxable,"Catalog, Search",2850,,,,The Elite Grey Earring,,,,,,,,,,,,,,,,,,,,,,10,,,,,,,,,,,,,,,,,,,,,,,,,,,,,,,,,
EE026,,Default,simple,Earring,base,The Abstract Orb Earring, Triangular shape earrings has dangle mesh ball features  crystal baguettes.                                                         ,Plating- Electroplated Rose gold                                               ,Stone-Faceted Foiled Stone,<ul><li>Plating- Electroplated Rose gold                                               </li><li>Stone-Faceted Foiled Stone</li></ul>,Rose gold,80,25,20,1,taxable,"Catalog, Search",1550,,,,The Abstract Orb Earring,,,,,,,,,,,,,,,,,,,,,,10,,,,,,,,,,,,,,,,,,,,,,,,,,,,,,,,,
EE027,,Default,simple,Earring,base,Empyrean Earring,Empyrean earring speaks with volume features fancy trillient crystal and black swarovski with raw like pearl and multi color glass beads.                                              ,Plating- Electroplated Rose gold                                               ,Stone-Faceted Foiled Stone,<ul><li>Plating- Electroplated Rose gold                                               </li><li>Stone-Faceted Foiled Stone</li></ul>,Rose gold,70,80,50,1,taxable,"Catalog, Search",7599,,,,Empyrean Earring,,,,,,,,,,,,,,,,,,,,,,10,,,,,,,,,,,,,,,,,,,,,,,,,,,,,,,,,
EE028,,Default,simple,Earring,base,Dovetail Earring,"Geometrical shapes arranged in a simple format making it suitable for any occation .Product features crystal,gold stones  ,raw like pearl                                                                       ",Plating- Electroplated Rose Gold                                       ,Stone-Faceted Foiled Stone,<ul><li>Plating- Electroplated Rose Gold                                       </li><li>Stone-Faceted Foiled Stone</li></ul>,Rose gold,80,60,65,1,taxable,"Catalog, Search",2999,,,,Dovetail Earring,,,,,,,,,,,,,,,,,,,,,,10,,,,,,,,,,,,,,,,,,,,,,,,,,,,,,,,,
EE029,,Default,simple,Earring,base,The Mecer Earring,Gunmetal plated earrings featurs grey and crystal stone with metal ball chain arranged just like swing.                                ,   Plating- Electroplated Gunmetal                                               ,Stone-Faceted Foiled Stone,<ul><li>   Plating- Electroplated Gunmetal                                               </li><li>Stone-Faceted Foiled Stone</li></ul>,Gunmetal,115,70,82,1,taxable,"Catalog, Search",1650,,,,The Mecer Earring,,,,,,,,,,,,,,,,,,,,,,10,,,,,,,,,,,,,,,,,,,,,,,,,,,,,,,,,
EE030,,Default,simple,Earring,base,The de La Leche Earring,Handcrafted earrings in rose gold plating features cone at the centre with crystal marquise combine with opaque glass beads.                                      ,Plating- Electroplated Rose gold                                               ,Stone-Faceted Foiled Stone,<ul><li>Plating- Electroplated Rose gold                                               </li><li>Stone-Faceted Foiled Stone</li></ul>,Rose gold,75,65,34,1,taxable,"Catalog, Search",2290,,,,The de La Leche Earring,,,,,,,,,,,,,,,,,,,,,,10,,,,,,,,,,,,,,,,,,,,,,,,,,,,,,,,,
EE031,,Default,simple,Earring,base,Chain Tessel Earring,"Mesh round earring has two mesh structure arranged in different lengths, hanging in half a round sheet with crystal and grey stone.                                   ",Plating- Electroplated Rose gold                                               ,Stone-Faceted Foiled Stone,<ul><li>Plating- Electroplated Rose gold                                               </li><li>Stone-Faceted Foiled Stone</li></ul>,Rose gold,160,35,24,1,taxable,"Catalog, Search",1950,,,,Chain Tessel Earring,,,,,,,,,,,,,,,,,,,,,,10,,,,,,,,,,,,,,,,,,,,,,,,,,,,,,,,,
EE032,,Default,simple,Earring,base,Layed square Earring,Geometrical shapes arranged in a simple format making it suitable for any occation .,Plating- Electroplated Rose gold                                               ,Stone-Faceted Foiled Stone,<ul><li>Plating- Electroplated Rose gold                                               </li><li>Stone-Faceted Foiled Stone</li></ul>,Rose gold,115,40,38,1,taxable,"Catalog, Search",1050,,,,Layed square Earring,,,,,,,,,,,,,,,,,,,,,,10,,,,,,,,,,,,,,,,,,,,,,,,,,,,,,,,,
EE033,,Default,simple,Earring,base,Enmesh  Ring Earring,Handcrafted earrings in rose gold plating features tangled metal rings with crystal and grey stones.                                                                                                           ,Plating- Electroplated R ose gold                                               ,Stone-Faceted Foiled Stone,<ul><li>Plating- Electroplated R ose gold                                               </li><li>Stone-Faceted Foiled Stone</li></ul>,Rose gold,120,45,30,1,taxable,"Catalog, Search",2099,,,,Enmesh  Ring Earring,,,,,,,,,,,,,,,,,,,,,,10,,,,,,,,,,,,,,,,,,,,,,,,,,,,,,,,,
EE034,,Default,simple,Earring,base,Enmesh Tube Earring,"Handcrafted with rose gold plating ,this enmesh tube earring features crystal square ,baguette stone.                                                                                              ",Plating- Electroplated Rose Gold                                              ,Stone-Faceted Foiled Stone,<ul><li>Plating- Electroplated Rose Gold                                              </li><li>Stone-Faceted Foiled Stone</li></ul>,Rose gold,75,35,16,1,taxable,"Catalog, Search",1500,,,,Enmesh Tube Earring,,,,,,,,,,,,,,,,,,,,,,10,,,,,,,,,,,,,,,,,,,,,,,,,,,,,,,,,
EE035,,Default,simple,Earring,base,Asymmetrical Baguette Earring ,This rose gold minimlistic earring features olive and crystal baguette stone in half circle.                                                   ,Plating- Electroplated Rose gold                                               ,Stone-Faceted Foiled Stone,<ul><li>Plating- Electroplated Rose gold                                               </li><li>Stone-Faceted Foiled Stone</li></ul>,Rose gold,70,20,30,1,taxable,"Catalog, Search",1850,,,,Asymmetrical Baguette Earring ,,,,,,,,,,,,,,,,,,,,,,10,,,,,,,,,,,,,,,,,,,,,,,,,,,,,,,,,
EE036,,Default,simple,Earring,base,Labyrinthine Earring,"Handcrafted in our studio with rose gold plating is embellished grey , crystal stone and grey glass beads.                                                                                                                         ",Plating- Electroplated Rose gold                                                              ,Stone-Pearl,<ul><li>Plating- Electroplated Rose gold                                                              </li><li>Stone-Pearl</li></ul>,Rose gold,70,140,80,1,taxable,"Catalog, Search",2850,,,,Labyrinthine Earring,,,,,,,,,,,,,,,,,,,,,,10,,,,,,,,,,,,,,,,,,,,,,,,,,,,,,,,,
EE037,,Default,simple,Earring,base,Agrarian Rope and Shell Earring,"Agrarian rope and shell earring hand Embroided in our studio . this statement pair has wooden beads, sea shells, and thin rope.                                ",Plating- Electroplated Rose gold.                                                                                                ,Stone- Glass bead,<ul><li>Plating- Electroplated Rose gold.                                                                                                </li><li>Stone- Glass bead</li></ul>,Rose gold,150,70,45,1,taxable,"Catalog, Search",2350,,,,Agrarian Rope and Shell Earring,,,,,,,,,,,,,,,,,,,,,,10,,,,,,,,,,,,,,,,,,,,,,,,,,,,,,,,,
EE038,,Default,simple,Earring,base,Littoral Shell Earring,"Littoral Shell earring hand Embroided in our studio . this statement pair has mother of pearl wooden beads, sea shells, and tassel                                                                                               ",Plating- Electroplated Rose gold.                                   ,Stone- Glass bead,<ul><li>Plating- Electroplated Rose gold.                                   </li><li>Stone- Glass bead</li></ul>,Rose gold,190,60,70,1,taxable,"Catalog, Search",2100,,,,Littoral Shell Earring,,,,,,,,,,,,,,,,,,,,,,10,,,,,,,,,,,,,,,,,,,,,,,,,,,,,,,,,
EE039,,Default,simple,Earring,base,Drifted Fringe Earring,"Drifted Fringe Earring handcrafted in our studio ,features letterd olice, cockle shell and wooden beads like fringes                                                                                           ",Plating- Electroplated Rose gold.                                     ,Stone- Glass bead,<ul><li>Plating- Electroplated Rose gold.                                     </li><li>Stone- Glass bead</li></ul>,Rose gold,130,55,65,1,taxable,"Catalog, Search",1849,,,,Drifted Fringe Earring,,,,,,,,,,,,,,,,,,,,,,10,,,,,,,,,,,,,,,,,,,,,,,,,,,,,,,,,
EE040,,Default,simple,Earring,base,Anteplaya shell earring,"Anteplaya shell earring hand Embroided in our studio features  letterd olice, cockle shell  wooden beads.                                                                                              ",Plating- Electroplated Rose gold.                                                                  ,Stone- Glass bead,<ul><li>Plating- Electroplated Rose gold.                                                                  </li><li>Stone- Glass bead</li></ul>,Rose gold,160,50,75,1,taxable,"Catalog, Search",2499,,,,Anteplaya shell earring,,,,,,,,,,,,,,,,,,,,,,10,,,,,,,,,,,,,,,,,,,,,,,,,,,,,,,,,
EN001,,Default,simple,Neckpiece,base,Antique Stipule Necklace,"Handcrafted in antique gold plating, inspired from artistic forms of nature, features metallic leaves and flower with grey stone.                                                         ", Plating- Electroplated Antique gold                                               ,Stone-Faceted Foiled Stone,<ul><li> Plating- Electroplated Antique gold                                               </li><li>Stone-Faceted Foiled Stone</li></ul>,Antique gold,240,270,380,1,taxable,"Catalog, Search",12500,,,,Antique Stipule Necklace,,,,,,,,,,,,,,,,,,,,,,10,,,,,,,,,,,,,,,,,,,,,,,,,,,,,,,,,
EN002,,Default,simple,Neckpiece,base,Grey Anemone Necklace,"Grey anemone necklace is entirely hand embroided features silver plating, has crystal stone with grey feathers enhaces the look of a product .                                                                                                         ",Plating- Electroplated Silver                                                             ,Stone-Faceted Foiled Stone,<ul><li>Plating- Electroplated Silver                                                             </li><li>Stone-Faceted Foiled Stone</li></ul>,Silver,480,200,320,1,taxable,"Catalog, Search",9850,,,,Grey Anemone Necklace,,,,,,,,,,,,,,,,,,,,,,10,,,,,,,,,,,,,,,,,,,,,,,,,,,,,,,,,
EN003,,Default,simple,Neckpiece,base,Eliferous Necklace,"This eliferous necklace is crafted in our studio featuring the logo resonates with bold and dramatic eliferous vibe, having combination of pink, grey and crystal stones with rose gold chain tassels behind the logo make it unique and classic.                                                                                                            ",Plating- Electroplated Rose gold                                                              ,Stone-Faceted Foiled Stone,<ul><li>Plating- Electroplated Rose gold                                                              </li><li>Stone-Faceted Foiled Stone</li></ul>,Rose gold,140,100,160,1,taxable,"Catalog, Search",5250,,,,Eliferous Necklace,,,,,,,,,,,,,,,,,,,,,,10,,,,,,,,,,,,,,,,,,,,,,,,,,,,,,,,,
EN004,,Default,simple,Neckpiece,base,Dingy Pearl Necklace,"Rose gold necklace is an iconic statement piece, Handcrafted in rose gold plating , features smoky pearls and grey stone.      ",Plating- Electroplated Rose gold                                                    ,Stone-Faceted Foiled Stone,<ul><li>Plating- Electroplated Rose gold                                                    </li><li>Stone-Faceted Foiled Stone</li></ul>,Rose gold,290,260,334,1,taxable,"Catalog, Search",7249,,,,Dingy Pearl Necklace,,,,,,,,,,,,,,,,,,,,,,10,,,,,,,,,,,,,,,,,,,,,,,,,,,,,,,,,
EN005,,Default,simple,Neckpiece,base,Mangled Necklace,"The mangled necklace features a blend of contemporary elements, twisted snake chain with fancy swarovski stone at the centre.",Plating- Electroplated Rose gold                                                    ,Stone-Faceted Foiled Stone,<ul><li>Plating- Electroplated Rose gold                                                    </li><li>Stone-Faceted Foiled Stone</li></ul>,Rose gold,500,100,262,1,taxable,"Catalog, Search",11550,,,,Mangled Necklace,,,,,,,,,,,,,,,,,,,,,,10,,,,,,,,,,,,,,,,,,,,,,,,,,,,,,,,,
EN006,,Default,simple,Neckpiece,base,Pearl Paradise Necklace,Handcrafted in rose gold plating necklace features floral motif with raw like pearl has another layer of fresh water pearl.    ,Plating- Electroplated Rose gold                                                     ,Stone-Faceted Foiled Stone,<ul><li>Plating- Electroplated Rose gold                                                     </li><li>Stone-Faceted Foiled Stone</li></ul>,Rose gold,360,200,334,1,taxable,"Catalog, Search",9950,,,,Pearl Paradise Necklace,,,,,,,,,,,,,,,,,,,,,,10,,,,,,,,,,,,,,,,,,,,,,,,,,,,,,,,,
EN007,,Default,simple,Neckpiece,base,Abstract Geometry Necklace,Abstract geometry nacklace has grometric wire frames and animal foiled metal sheet in rose gold plating with grey stone and glass bead embellishment.                                                                        ,Plating- Electroplate Rose gold                                                               ,Stone-Faceted Foiled Stone,<ul><li>Plating- Electroplate Rose gold                                                               </li><li>Stone-Faceted Foiled Stone</li></ul>,Rose gold,270,220,120,1,taxable,"Catalog, Search",3750,,,,Abstract Geometry Necklace,,,,,,,,,,,,,,,,,,,,,,10,,,,,,,,,,,,,,,,,,,,,,,,,,,,,,,,,
EN008,,Default,simple,Neckpiece,base,Labyrinthine Necklace,Handcrafted in our studio with rose gold plating is embellished with fresh water pearl and grey glass beads.                                         ,Plating- Electroplated Rose gold                                                              ,Stone-Pearl,<ul><li>Plating- Electroplated Rose gold                                                              </li><li>Stone-Pearl</li></ul>,Rose gold,150,240,130,1,taxable,"Catalog, Search",4999,,,,Labyrinthine Necklace,,,,,,,,,,,,,,,,,,,,,,10,,,,,,,,,,,,,,,,,,,,,,,,,,,,,,,,,
EN009,,Default,simple,Neckpiece,base,Abstract Hana Necklace,Handcrafted necklace in rose gold plating  features abstract floral pattern with glass beads and multi color stone.                              ,Plating- Electroplated Rose gold                                                     ,Stone-Faceted Foiled Stone,<ul><li>Plating- Electroplated Rose gold                                                     </li><li>Stone-Faceted Foiled Stone</li></ul>,Rose gold,280,155,120,1,taxable,"Catalog, Search",5299,,,,Abstract Hana Necklace,,,,,,,,,,,,,,,,,,,,,,10,,,,,,,,,,,,,,,,,,,,,,,,,,,,,,,,,
EN010,,Default,simple,Neckpiece,base,Asymmetric Paradise Necklace,Hand embroided silver necklace has half fresh water pearl and half crystal stone embalishment with dangled pearl.                ,Plating- Electroplated Silver                                                        ,Stone-Faceted Foiled Stone,<ul><li>Plating- Electroplated Silver                                                        </li><li>Stone-Faceted Foiled Stone</li></ul>,Silver,290,165,210,1,taxable,"Catalog, Search",4350,,,,Asymmetric Paradise Necklace,,,,,,,,,,,,,,,,,,,,,,10,,,,,,,,,,,,,,,,,,,,,,,,,,,,,,,,,
EN011,,Default,simple,Neckpiece,base,Gunmetal Stipule Necklace,"Handcrafted in gunmetal plating, inspired from artistic forms of nature, features metallic leaves and flower with grey stone.                                                                                                                        ",Plating- Electroplated gunmetal                                                         ,Stone-Faceted Foiled Stone,<ul><li>Plating- Electroplated gunmetal                                                         </li><li>Stone-Faceted Foiled Stone</li></ul>,Gunmetal,360,500,765,1,taxable,"Catalog, Search",18500,,,,Gunmetal Stipule Necklace,,,,,,,,,,,,,,,,,,,,,,10,,,,,,,,,,,,,,,,,,,,,,,,,,,,,,,,,
EN012,,Default,simple,Neckpiece,base,Crystal and Pearls Tassel Nacklace,"Rose gold plated necklace is embellished with cultured pearl, crystal stones and beautiful leaves at the centre , has chain and glass pipe  tassels                                                                                                   ",Plating- Electroplated Rose gold                                                              ,Stone-Faceted Foiled Stone,<ul><li>Plating- Electroplated Rose gold                                                              </li><li>Stone-Faceted Foiled Stone</li></ul>,Rose gold,5550,240,420,1,taxable,"Catalog, Search",10550,,,,Crystal and Pearls Tassel Nacklace,,,,,,,,,,,,,,,,,,,,,,10,,,,,,,,,,,,,,,,,,,,,,,,,,,,,,,,,
EN013,,Default,simple,Neckpiece,base,Efflorescent Necklace,"Handcrafted in rose gold plating, inspired from artistic forms of nature, features gush of metal leaves and flower with grey stone.                                                      ",    Plating- Electroplated Rose gold                                                         ,Stone-Faceted Foiled Stone,<ul><li>    Plating- Electroplated Rose gold                                                         </li><li>Stone-Faceted Foiled Stone</li></ul>,Rose gold,320,320,310,1,taxable,"Catalog, Search",11950,,,,Efflorescent Necklace,,,,,,,,,,,,,,,,,,,,,,10,,,,,,,,,,,,,,,,,,,,,,,,,,,,,,,,,
EN014,,Default,simple,Neckpiece,base,"Crystal and Pearls Chain Tassel Nacklace
","Rose gold plated necklace is embellished features, crystal stones and beautiful dangling round stone at the bottom with loop chain tassel.                                                                                                 ",Plating- Electroplated Rose gold                                                              ,Stone-Faceted Foiled Stone,<ul><li>Plating- Electroplated Rose gold                                                              </li><li>Stone-Faceted Foiled Stone</li></ul>,Rose gold,425,160,345,1,taxable,"Catalog, Search",9999,,,,"Crystal and Pearls Chain Tassel Nacklace
",,,,,,,,,,,,,,,,,,,,,,10,,,,,,,,,,,,,,,,,,,,,,,,,,,,,,,,,
EN015,,Default,simple,Neckpiece,base,Enmesh Pearl Earring,"A beautifully handcrafted necklace features fresh water pearl and rose gold chain in layers, starting from neck to mid riff.                 ",Plating- Electroplated Rose gold.                                                             ,Stone-Faceted Foiled Stone,<ul><li>Plating- Electroplated Rose gold.                                                             </li><li>Stone-Faceted Foiled Stone</li></ul>,Rose gold,500,540,500,1,taxable,"Catalog, Search",12500,,,,Enmesh Pearl Earring,,,,,,,,,,,,,,,,,,,,,,10,,,,,,,,,,,,,,,,,,,,,,,,,,,,,,,,,
EN016,,Default,simple,Neckpiece,base,Chain Lariat Nacklace,"Chain Lariat Nacklace handcrafted necklace features fresh water pearl and rose gold chains in layers, starting from neck to mid riff.                                                                                                               ",Plating- Electroplated Rose gold.                                                             ,Stone-Faceted Foiled Stone,<ul><li>Plating- Electroplated Rose gold.                                                             </li><li>Stone-Faceted Foiled Stone</li></ul>,Rose gold,590,490,540,1,taxable,"Catalog, Search",7500,,,,Chain Lariat Nacklace,,,,,,,,,,,,,,,,,,,,,,10,,,,,,,,,,,,,,,,,,,,,,,,,,,,,,,,,
EN017,,Default,simple,Neckpiece,base,Classic Pearl necklace,"A beautifully handcrafted necklace features fresh water pearl,crystal stone and rose gold chains,                                      ",Plating- Electroplated Rose gold.                                                             ,Stone-Faceted Foiled Stone,<ul><li>Plating- Electroplated Rose gold.                                                             </li><li>Stone-Faceted Foiled Stone</li></ul>,Rose gold,500,70,95,1,taxable,"Catalog, Search",3849,,,,Classic Pearl necklace,,,,,,,,,,,,,,,,,,,,,,10,,,,,,,,,,,,,,,,,,,,,,,,,,,,,,,,,
EN018,,Default,simple,Neckpiece,base,Ternary Lines necklace,"Ternary Lines necklace handcrafted necklace features fresh water pearl,crystal stone and a ring with three straight line on the top of it.                                                                                                                ",Plating- Electroplated Rose gold.                                                             ,Stone-Faceted Foiled Stone,<ul><li>Plating- Electroplated Rose gold.                                                             </li><li>Stone-Faceted Foiled Stone</li></ul>,Rose gold,400,80,80,1,taxable,"Catalog, Search",3450,,,,Ternary Lines necklace,,,,,,,,,,,,,,,,,,,,,,10,,,,,,,,,,,,,,,,,,,,,,,,,,,,,,,,,
EN019,,Default,simple,Neckpiece,base,The black paradise choker,"Handcrafted in gunmetal plating  features floral forms with heavy waist part , with black  and crystal stone.                                                                                                                  ",Plating- Electroplated gunmetal                                                         ,Stone-Faceted Foiled Stone,<ul><li>Plating- Electroplated gunmetal                                                         </li><li>Stone-Faceted Foiled Stone</li></ul>,Gunmetal,270,60,100,1,taxable,"Catalog, Search",5250,,,,The black paradise choker,,,,,,,,,,,,,,,,,,,,,,10,,,,,,,,,,,,,,,,,,,,,,,,,,,,,,,,,
EN020,,Default,simple,Neckpiece,base,Anteplaya shell necklace,"Anteplaya shell neckpiece hand Embroided in our studio features  letterd olice, cockle shell  wooden beads.                     ",Plating- Electroplated Rose gold.                                                                                                                                                                                                     ,Stone- Glass bead                      ,<ul><li>Plating- Electroplated Rose gold.                                                                                                                                                                                                     </li><li>Stone- Glass bead                      </li></ul>,Rose gold,320,130,255,1,taxable,"Catalog, Search",4150,,,,Anteplaya shell necklace,,,,,,,,,,,,,,,,,,,,,,10,,,,,,,,,,,,,,,,,,,,,,,,,,,,,,,,,
EC001,,Default,simple,Earcuff,base,Pearl And Pikes Earcuff,"This handcrafted piece in antique gold, features raw like pearls, grey stone and plastic antique gold spikes.                                                                                                 ",Plating- Electroplated Antique gold                                               ,Stone-Faceted Foiled Stone,<ul><li>Plating- Electroplated Antique gold                                               </li><li>Stone-Faceted Foiled Stone</li></ul>,Antique gold,130,70,1120,1,taxable,"Catalog, Search",2100,,,,Pearl And Pikes Earcuff,,,,,,,,,,,,,,,,,,,,,,10,,,,,,,,,,,,,,,,,,,,,,,,,,,,,,,,,
EC002,,Default,simple,Earcuff,base,Crystal Abanar Earcuff,Crystal abanar earcuff hand Embroided in our studio . this statement pair has crystal stone and silver  rectangular sequins.                                                                                  ,Plating- Electroplated Silver                                               ,Stone-Faceted Foiled  Stone,<ul><li>Plating- Electroplated Silver                                               </li><li>Stone-Faceted Foiled  Stone</li></ul>,Silver,110,75,80,1,taxable,"Catalog, Search",1650,,,,Crystal Abanar Earcuff,,,,,,,,,,,,,,,,,,,,,,10,,,,,,,,,,,,,,,,,,,,,,,,,,,,,,,,,
EC003,,Default,simple,Earcuff,base,Silver Estetico Earcuff,"Silver Estetico Earcuff hand Embroided in our studio, has crystal stone andfreash water pearls.                                                                                  ",Plating- Electroplated Silver                                               ,Stone-Faceted Foiled  Stone,<ul><li>Plating- Electroplated Silver                                               </li><li>Stone-Faceted Foiled  Stone</li></ul>,Silver,100,60,50,1,taxable,"Catalog, Search",2199,,,,Silver Estetico Earcuff,,,,,,,,,,,,,,,,,,,,,,10,,,,,,,,,,,,,,,,,,,,,,,,,,,,,,,,,
EC004,,Default,simple,Earcuff,base,Chic Kundan Earcuff,Handcrafted in rose gold plating earcuff features brown  and crystal kundan with crystal stone.                              ,Plating- Electroplated Rose gold                                               ,"Stone-Faceted Foiled Stone , Kundan","<ul><li>Plating- Electroplated Rose gold                                               </li><li>Stone-Faceted Foiled Stone , Kundan</li></ul>",Rose gold,80,70,90,1,taxable,"Catalog, Search",2099,,,,Chic Kundan Earcuff,,,,,,,,,,,,,,,,,,,,,,10,,,,,,,,,,,,,,,,,,,,,,,,,,,,,,,,,
EC005,,Default,simple,Earcuff,base,Silver Estetico Tassel Earcuff,"Silver Estetico tassel Earcuff hand Embroided in our studio, has crystal stone and freash water pearls has silver chain tassels.                                                                                  ",Plating- Electroplated Silver                                               ,Stone-Faceted Foiled  Stone,<ul><li>Plating- Electroplated Silver                                               </li><li>Stone-Faceted Foiled  Stone</li></ul>,Silver,190,40,70,1,taxable,"Catalog, Search",2895,,,,Silver Estetico Tassel Earcuff,,,,,,,,,,,,,,,,,,,,,,10,,,,,,,,,,,,,,,,,,,,,,,,,,,,,,,,,
EC006,,Default,simple,Earcuff,base,Abstract Grey Paradise,Abstract Grey Paradise earcuff has circular triangular wire frame with grey glass beads.                                                                                 ,Plating- Electroplated Rose gold                                               ,Stone-Faceted Foiled Stone,<ul><li>Plating- Electroplated Rose gold                                               </li><li>Stone-Faceted Foiled Stone</li></ul>,Rose gold,120,12,90,1,taxable,"Catalog, Search",1990,,,,Abstract Grey Paradise,,,,,,,,,,,,,,,,,,,,,,10,,,,,,,,,,,,,,,,,,,,,,,,,,,,,,,,,
EC007,,Default,simple,Earcuff,base,Enthral Rose Gold earcuff,"Enthral Rose Gold earcuff  hand Embroided in our studio . this statement pair has crystal,grey , golden stone and wire frame.                                                                                                ",Plating- Electroplated Rose gold                                               ,Stone-Faceted Foiled Stone,<ul><li>Plating- Electroplated Rose gold                                               </li><li>Stone-Faceted Foiled Stone</li></ul>,Rose gold,140,90,70,1,taxable,"Catalog, Search",2750,,,,Enthral Rose Gold earcuff,,,,,,,,,,,,,,,,,,,,,,10,,,,,,,,,,,,,,,,,,,,,,,,,,,,,,,,,
EC008,,Default,simple,Earcuff,base,Littoral Shell Earcuff,"Littoral Shell earring hand Embroided in our studio . this statement pair has nutmeg, cockle shell and fresh water pearl .                                                                                                     ",Plating- Electroplated Rose gold                                               ,Stone- Glass bead,<ul><li>Plating- Electroplated Rose gold                                               </li><li>Stone- Glass bead</li></ul>,Rose gold,11,11,28,1,taxable,"Catalog, Search",1899,,,,Littoral Shell Earcuff,,,,,,,,,,,,,,,,,,,,,,10,,,,,,,,,,,,,,,,,,,,,,,,,,,,,,,,,
EC009,,Default,simple,Earcuff,base,Triangulo Earring,The triangulo earring hand Embroided in our studio . this statement pair has multicolor stone and 3d triangular sequins                                                         ,Plating- Electroplated Rose gold                                               ,Stone-Faceted Foiled  Stone,<ul><li>Plating- Electroplated Rose gold                                               </li><li>Stone-Faceted Foiled  Stone</li></ul>,Rose gold,130,120,134,1,taxable,"Catalog, Search",2490,,,,Triangulo Earring,,,,,,,,,,,,,,,,,,,,,,10,,,,,,,,,,,,,,,,,,,,,,,,,,,,,,,,,
ER001,,Default,simple,Ring,base,Funnel Drop Crystal Ring,Handcrafted ring in rose gold plating features cone at the centre with crystal marquise combine.                                      ,Plating- Electroplated Rose gold                                               ,Stone-Faceted Foiled Stone,<ul><li>Plating- Electroplated Rose gold                                               </li><li>Stone-Faceted Foiled Stone</li></ul>,Adujustable,50,1120,14,1,taxable,"Catalog, Search",1299,,,,Funnel Drop Crystal Ring,,,,,,,,,,,,,,,,,,,,,,10,,,,,,,,,,,,,,,,,,,,,,,,,,,,,,,,,
ER002,,Default,simple,Ring,base,Enmesh Ring,This handcrafted rose gold finish ring features tube ring wrapped with chain has opaque milky and grey glass beads in claw like shape .                                                                        ,Plating- Electroplated Rose gold                                               ,Stone-Glass bead,<ul><li>Plating- Electroplated Rose gold                                               </li><li>Stone-Glass bead</li></ul>,Adujustable,60,80,26,1,taxable,"Catalog, Search",1299,,,,Enmesh Ring,,,,,,,,,,,,,,,,,,,,,,10,,,,,,,,,,,,,,,,,,,,,,,,,,,,,,,,,
ER003,,Default,simple,Ring,base,Enmesh Double Ring,This handcrafted rose gold finish ring features bent tube has opaque milky and grey glass beads in claw like shape .                                                                        ,Plating- Electroplated Rose gold                                               ,Stone-Glass bead,<ul><li>Plating- Electroplated Rose gold                                               </li><li>Stone-Glass bead</li></ul>,Adujustable,80,50,40,1,taxable,"Catalog, Search",1499,,,,Enmesh Double Ring,,,,,,,,,,,,,,,,,,,,,,10,,,,,,,,,,,,,,,,,,,,,,,,,,,,,,,,,
EBD001,,Default,simple,Body jewelry,base,Antique Love Body Jewelry,"Handcrafted in antique gold plating body jewelry, features different type of chains with grey stone.                                                   ",Plating- Electroplated Antique gold                                               ,Stone-Faceted Foiled Stone,<ul><li>Plating- Electroplated Antique gold                                               </li><li>Stone-Faceted Foiled Stone</li></ul>,Antique gold,590,90,818,1,taxable,"Catalog, Search",10500,,,,Antique Love Body Jewelry,,,,,,,,,,,,,,,,,,,,,,10,,,,,,,,,,,,,,,,,,,,,,,,,,,,,,,,,
EBD002,,Default,simple,Body jewelry,base,Embroil String Body Jewelry,"Embroil String Body Jewelry handcrafted in antique gold plating, features different  type of chains with grey stone and raw like pearl.                                                ",Plating- Electroplated Antique gold                                               ,Stone-Faceted Foiled Stone,<ul><li>Plating- Electroplated Antique gold                                               </li><li>Stone-Faceted Foiled Stone</li></ul>,Antique gold,650,70,950,1,taxable,"Catalog, Search",15999,,,,Embroil String Body Jewelry,,,,,,,,,,,,,,,,,,,,,,10,,,,,,,,,,,,,,,,,,,,,,,,,,,,,,,,,
EBD003,,Default,simple,Body jewelry,base,Majestic Hex Body Jewely,"Majestic hex body jewelry has hexagon and triangular shape embellish with glass pipe , grey stone and pearl chain in antique gold finish.                 ",Plating- Electroplated Antique gold                                               ,Stone-Faceted Foiled Stone           ,<ul><li>Plating- Electroplated Antique gold                                               </li><li>Stone-Faceted Foiled Stone           </li></ul>,Antique gold,490,90,270,1,taxable,"Catalog, Search",8999,,,,Majestic Hex Body Jewely,,,,,,,,,,,,,,,,,,,,,,10,,,,,,,,,,,,,,,,,,,,,,,,,,,,,,,,,
EBD004,,Default,simple,Body jewelry,base,Antique Metallic Jacket ,Handcrafted in antique gold plating body jewelry has   metallic tassel with chain tassel.                                                                                                       ,Plating- Electroplated Antique gold                                                     ,,<ul><li>Plating- Electroplated Antique gold                                                     </li><li></li></ul>,Antique gold,550,70,3212,1,taxable,"Catalog, Search",19950,,,,Antique Metallic Jacket ,,,,,,,,,,,,,,,,,,,,,,10,,,,,,,,,,,,,,,,,,,,,,,,,,,,,,,,,
EBD005,,Default,simple,Body jewelry,base,Vintage Armor Shoulder Body Jewelry,"Handcrafted in gunmetal plating  features metallic leaves , triangular sequins , spikes , greystone with tassel .                                                                                                                  ",Plating- Electroplated gunmetal                                                         ,Stone-Faceted Foiled Stone,<ul><li>Plating- Electroplated gunmetal                                                         </li><li>Stone-Faceted Foiled Stone</li></ul>,Gunmetal,240,28,483,1,taxable,"Catalog, Search",14500,,,,Vintage Armor Shoulder Body Jewelry,,,,,,,,,,,,,,,,,,,,,,10,,,,,,,,,,,,,,,,,,,,,,,,,,,,,,,,,
EBD006,,Default,simple,Body jewelry,base,Vintage Armor Criss Cross Body Jewelry ,"Handcrafted in gunmetal plating  features metallic leaves , triangular sequins , spikes , greystone with  criss cross front and back chain loop .                                                                                                                  ",Plating- Electroplated gunmetal                                                         ,Stone-Faceted Foiled Stone,<ul><li>Plating- Electroplated gunmetal                                                         </li><li>Stone-Faceted Foiled Stone</li></ul>,Gunmetal,660,134,1800,1,taxable,"Catalog, Search",20099,,,,Vintage Armor Criss Cross Body Jewelry ,,,,,,,,,,,,,,,,,,,,,,10,,,,,,,,,,,,,,,,,,,,,,,,,,,,,,,,,
EBD007,,Default,simple,Body jewelry,base,Exquisite Vintage Crystal Pearl Body Jewelry,"Gunmetal statement piece with eye catching embellishment with crystal, grey stone and fresh water pearl.                                                                                                              ",Plating- Electroplated Gunmetal                                           ,Stone-Faceted Foiled Stone,<ul><li>Plating- Electroplated Gunmetal                                           </li><li>Stone-Faceted Foiled Stone</li></ul>,silver,550,25,560,1,taxable,"Catalog, Search",9850,,,,Exquisite Vintage Crystal Pearl Body Jewelry,,,,,,,,,,,,,,,,,,,,,,10,,,,,,,,,,,,,,,,,,,,,,,,,,,,,,,,,
EBD008,,Default,simple,Body jewelry,base,Royal Ehtereal Gunmetal Body Jewelry,"Handcrafted in gunmetal plating  features metallic flower , greystone shoulder with criss cross front back chain loop.                                                                                                                   ",Plating- Electroplated gunmetal                                                         ,Stone-Faceted Foiled Stone,<ul><li>Plating- Electroplated gunmetal                                                         </li><li>Stone-Faceted Foiled Stone</li></ul>,Gunmetal,640,60,1390,1,taxable,"Catalog, Search",11500,,,,Royal Ehtereal Gunmetal Body Jewelry,,,,,,,,,,,,,,,,,,,,,,10,,,,,,,,,,,,,,,,,,,,,,,,,,,,,,,,,
EBD009,,Default,simple,Body jewelry,base,Love For Rose Gold Shoulder Body Jewelry,"Handcrafted in rose gold plating, inspired from artistic forms of nature, features chain loop,  floral pattern with crystal and pink  stone.                                                          ",Plating- Electroplated Rose gold                                                         ,Stone-Faceted Foiled Stone,<ul><li>Plating- Electroplated Rose gold                                                         </li><li>Stone-Faceted Foiled Stone</li></ul>,Rose gold,470,35,452,1,taxable,"Catalog, Search",7500,,,,Love For Rose Gold Shoulder Body Jewelry,,,,,,,,,,,,,,,,,,,,,,10,,,,,,,,,,,,,,,,,,,,,,,,,,,,,,,,,
EBD010,,Default,simple,Body jewelry,base,Star Paraiso Shoulder Body Jewelry,"Hand embroided in silver plating , has petal shape features crystal and fresh water pearl.                                                          ",Plating- Electroplated silver                                                        ,Stone-Faceted Foiled Stone,<ul><li>Plating- Electroplated silver                                                        </li><li>Stone-Faceted Foiled Stone</li></ul>,Silver,330,380,546,1,taxable,"Catalog, Search",7599,,,,Star Paraiso Shoulder Body Jewelry,,,,,,,,,,,,,,,,,,,,,,10,,,,,,,,,,,,,,,,,,,,,,,,,,,,,,,,,
EBD011,,Default,simple,Body jewelry,base,Tetrad Crystal Foot Harness,"Tetrad Crystal Foot Harness hand embroided in silver plating ,  features crystal, grey stones and tassel chain.                                                                                                           ",Plating- Electroplated silver                                                        ,Stone-Faceted Foiled Stone,<ul><li>Plating- Electroplated silver                                                        </li><li>Stone-Faceted Foiled Stone</li></ul>,Silver,290,400,320,1,taxable,"Catalog, Search",13550,,,,Tetrad Crystal Foot Harness,,,,,,,,,,,,,,,,,,,,,,10,,,,,,,,,,,,,,,,,,,,,,,,,,,,,,,,,
EBD012,,Default,simple,Body jewelry,base,Fleur-De-Lis Shoulder Jacket,"Fleur-De-Lis Shoulder Jacket is a statement piece with eye catching embellishment with crystal, grey stone and meta petal.                                                                                                              ",Plating- Electroplated Gunmetal                                           ,Stone-Faceted Foiled Stone,<ul><li>Plating- Electroplated Gunmetal                                           </li><li>Stone-Faceted Foiled Stone</li></ul>,Gunmetal,490,100,840,1,taxable,"Catalog, Search",15999,,,,Fleur-De-Lis Shoulder Jacket,,,,,,,,,,,,,,,,,,,,,,10,,,,,,,,,,,,,,,,,,,,,,,,,,,,,,,,,
EBD013,,Default,simple,Body jewelry,base, The Roseate Body Jewelry ,"Handcrafted in rose gold plating, inspired from artistic forms of nature, features chain loop,  floral pattern with crystal and pink  stone.                                                          ",Plating- Electroplated Rose gold                                                         ,Stone-Faceted Foiled Stone,<ul><li>Plating- Electroplated Rose gold                                                         </li><li>Stone-Faceted Foiled Stone</li></ul>,Rose gold,550,410,192,1,taxable,"Catalog, Search",7200,,,, The Roseate Body Jewelry ,,,,,,,,,,,,,,,,,,,,,,10,,,,,,,,,,,,,,,,,,,,,,,,,,,,,,,,,
EBD014,,Default,simple,Body jewelry,base,Crystal Criss Cross Body Jewelry,"Handcrafted in silver plating, has two embroided patch features chain , fresh water pearl , grey crystal stone with tassel .                                                                                                                  ",Plating- Electroplated silver gold                                                       ,Stone-Faceted Foiled Stone,<ul><li>Plating- Electroplated silver gold                                                       </li><li>Stone-Faceted Foiled Stone</li></ul>,silver,450,230,410,1,taxable,"Catalog, Search",8199,,,,Crystal Criss Cross Body Jewelry,,,,,,,,,,,,,,,,,,,,,,10,,,,,,,,,,,,,,,,,,,,,,,,,,,,,,,,,
EBD015,,Default,simple,Body jewelry,base,Elegante Pearl Shoulder Body Jewelry,"Handcrafted in antique goldplating, has two layers  features  metallic leaves ,freash water pearl , spikes , grey crystal stone with tassel .                                                                                                                  ",Plating- Electroplated antique gold                                                       ,Stone-Faceted Foiled Stone,<ul><li>Plating- Electroplated antique gold                                                       </li><li>Stone-Faceted Foiled Stone</li></ul>,Antique gold,640,320,1380,1,taxable,"Catalog, Search",18299,,,,Elegante Pearl Shoulder Body Jewelry,,,,,,,,,,,,,,,,,,,,,,10,,,,,,,,,,,,,,,,,,,,,,,,,,,,,,,,,
EBD016,,Default,simple,Body jewelry,base,Black Paradise Body Jewelry,"Handcrafted in gunmetal plating  features floral forms with heavy waist part , with black  and crystal stone.                                                                                                                  ",Plating- Electroplated gunmetal                                                         ,Stone-Faceted Foiled Stone,<ul><li>Plating- Electroplated gunmetal                                                         </li><li>Stone-Faceted Foiled Stone</li></ul>,Gunmetal,920,25,1500,1,taxable,"Catalog, Search",20000,,,,Black Paradise Body Jewelry,,,,,,,,,,,,,,,,,,,,,,10,,,,,,,,,,,,,,,,,,,,,,,,,,,,,,,,,
EBD018,,Default,simple,Body jewelry,base,Multi Layer Backdrop Body Jewelry,"Handcrafted in gunmetal plating  features floral forms with heavy back part , with black  and crystal stone.                                                                                                                  ",Plating- Electroplated gunmetal                                                         ,Stone-Faceted Foiled Stone,<ul><li>Plating- Electroplated gunmetal                                                         </li><li>Stone-Faceted Foiled Stone</li></ul>,Gunmetal,550,160,580,1,taxable,"Catalog, Search",11550,,,,Multi Layer Backdrop Body Jewelry,,,,,,,,,,,,,,,,,,,,,,10,,,,,,,,,,,,,,,,,,,,,,,,,,,,,,,,,
EBD019,,Default,simple,Body jewelry,base,Pearl In Vain Body Jewelry,"A beautifully handcrafted necklace features fresh water pearl and rose gold chains in layers, starting from neck to mid riff.                                                                         ",Plating- Electroplated Rose gold.                                                             ,Stone-Faceted Foiled Stone,<ul><li>Plating- Electroplated Rose gold.                                                             </li><li>Stone-Faceted Foiled Stone</li></ul>,Rose gold,590,160,950,1,taxable,"Catalog, Search",8500,,,,Pearl In Vain Body Jewelry,,,,,,,,,,,,,,,,,,,,,,10,,,,,,,,,,,,,,,,,,,,,,,,,,,,,,,,,
EBD020,,Default,simple,Body jewelry,base,Swing Like ChainBody Jewelry,Silver plated featurs grey and crystal stone with metal ball chain arranged just like swing.                                         ,Plating- Electroplated Silver,Stone-Faceted Foiled Stone,<ul><li>Plating- Electroplated Silver</li><li>Stone-Faceted Foiled Stone</li></ul>,Silver,350,680,280,1,taxable,"Catalog, Search",8449,,,,Swing Like ChainBody Jewelry,,,,,,,,,,,,,,,,,,,,,,10,,,,,,,,,,,,,,,,,,,,,,,,,,,,,,,,,
EBD021,,Default,simple,Body jewelry,base,Waterfall body jewelry,"Handcrafted in rose gold plating, inspired from  nature, features chain loop,  falling chain with crystal and pink  stone.                                                          ",Plating- Electroplated Rose gold                                                         ,Stone-Faceted Foiled Stone,<ul><li>Plating- Electroplated Rose gold                                                         </li><li>Stone-Faceted Foiled Stone</li></ul>,Rose gold,680,290,390,1,taxable,"Catalog, Search",7799,,,,Waterfall body jewelry,,,,,,,,,,,,,,,,,,,,,,10,,,,,,,,,,,,,,,,,,,,,,,,,,,,,,,,,
EG001,,Default,simple,Garment,base,Dreamy Pink  Bow Crop top,Pink bow with heavy sequence stone and pipe embalishment,,,<ul><li></li><li></li></ul>,Pink,0,0,0,1,taxable,"Catalog, Search",4000,,,,Dreamy Pink  Bow Crop top,,,,,,,,,,,,,,,,,,,,,,10,,,,,,,,,,,,,,,,,,,,,,,,,,,,,,,,,
EG002,,Default,simple,Garment,base,Teal Embalish Crop Top,Teal green abstract embalishment ,,,<ul><li></li><li></li></ul>,Teal,0,0,0,1,taxable,"Catalog, Search",3000,,,,Teal Embalish Crop Top,,,,,,,,,,,,,,,,,,,,,,10,,,,,,,,,,,,,,,,,,,,,,,,,,,,,,,,,
EG003,,Default,simple,Garment,base,Embalish Patch Grey Denim Jacket,abstract arrangement of stone and sequence in grey touch,,,<ul><li></li><li></li></ul>,Grey,0,0,0,1,taxable,"Catalog, Search",3000,,,,Embalish Patch Grey Denim Jacket,,,,,,,,,,,,,,,,,,,,,,10,,,,,,,,,,,,,,,,,,,,,,,,,,,,,,,,,
EG004,,Default,simple,Garment,base,Rose Gold Embalish Jacket,Rose gold finish metal embalishment ,,,<ul><li></li><li></li></ul>,Rose Gold,0,0,0,1,taxable,"Catalog, Search",4000,,,,Rose Gold Embalish Jacket,,,,,,,,,,,,,,,,,,,,,,10,,,,,,,,,,,,,,,,,,,,,,,,,,,,,,,,,
EG005,,Default,simple,Garment,base,Embroided Bodysuit with Green Coat Dress,Green overcoat with heavy 3d embalish bodysuit and belt,,,<ul><li></li><li></li></ul>,Green,0,0,0,1,taxable,"Catalog, Search",3500,,,,Embroided Bodysuit with Green Coat Dress,,,,,,,,,,,,,,,,,,,,,,10,,,,,,,,,,,,,,,,,,,,,,,,,,,,,,,,,
EG006,,Default,simple,Garment,base,Burgundy Pearl Strips Dress,Burgundy pearl and crystal stone jacket,,,<ul><li></li><li></li></ul>,Burgundy,0,0,0,1,taxable,"Catalog, Search",6000,,,,Burgundy Pearl Strips Dress,,,,,,,,,,,,,,,,,,,,,,10,,,,,,,,,,,,,,,,,,,,,,,,,,,,,,,,,
EG007,,Default,simple,Garment,base,Brown Dress With Embroided Belt,plain brown short dress with heavy embalish belt,,,<ul><li></li><li></li></ul>,brown,0,0,0,1,taxable,"Catalog, Search",1500,,,,Brown Dress With Embroided Belt,,,,,,,,,,,,,,,,,,,,,,10,,,,,,,,,,,,,,,,,,,,,,,,,,,,,,,,,
EG008,,Default,simple,Garment,base,Rose Gold Belt Skirt,black skirt with 3 rose gold embalish belt,,,<ul><li></li><li></li></ul>,black,0,0,0,1,taxable,"Catalog, Search",2000,,,,Rose Gold Belt Skirt,,,,,,,,,,,,,,,,,,,,,,10,,,,,,,,,,,,,,,,,,,,,,,,,,,,,,,,,
EG009,,Default,simple,Garment,base,Pearly Musturd Pant,musturd pent with pearl embalishment,,,<ul><li></li><li></li></ul>,musturd,0,0,0,1,taxable,"Catalog, Search",2000,,,,Pearly Musturd Pant,,,,,,,,,,,,,,,,,,,,,,10,,,,,,,,,,,,,,,,,,,,,,,,,,,,,,,,,
EG010,,Default,simple,Garment,base,Embalish Patch Grey Denim Pant,Grey denim pant with front abstract embalish patch ,,,<ul><li></li><li></li></ul>,grey,0,0,0,1,taxable,"Catalog, Search",2000,,,,Embalish Patch Grey Denim Pant,,,,,,,,,,,,,,,,,,,,,,10,,,,,,,,,,,,,,,,,,,,,,,,,,,,,,,,,
EG011,,Default,simple,Garment,base,Beige Embalish skirt,Beige sequin embalish skirt,,,<ul><li></li><li></li></ul>,Beige,0,0,0,1,taxable,"Catalog, Search",0,,,,Beige Embalish skirt,,,,,,,,,,,,,,,,,,,,,,10,,,,,,,,,,,,,,,,,,,,,,,,,,,,,,,,,
EG012,,Default,simple,Garment,base,Beige Embalish Jacket,Beige sequin embalish Jacket,,,<ul><li></li><li></li></ul>,Beige,0,0,0,1,taxable,"Catalog, Search",0,,,,Beige Embalish Jacket,,,,,,,,,,,,,,,,,,,,,,10,,,,,,,,,,,,,,,,,,,,,,,,,,,,,,,,,
EG013,,Default,simple,Garment,base,3D embalished jacket,Beige sequin embalish Jacket,,,<ul><li></li><li></li></ul>,gold,0,0,0,1,taxable,"Catalog, Search",0,,,,3D embalished jacket,,,,,,,,,,,,,,,,,,,,,,10,,,,,,,,,,,,,,,,,,,,,,,,,,,,,,,,,
EG014,,Default,simple,Garment,base,Lustrous Jacket,Beige sequin embalish Jacket,,,<ul><li></li><li></li></ul>,Silver,0,0,0,1,taxable,"Catalog, Search",0,,,,Lustrous Jacket,,,,,,,,,,,,,,,,,,,,,,10,,,,,,,,,,,,,,,,,,,,,,,,,,,,,,,,,
EB001,,Default,simple,Bag,base,Peach Embalish Bag,"Hand embroided bag in rose gold plating features metal leaves , pink and crystal stone. ",,,<ul><li></li><li></li></ul>,Pink,0,0,0,1,taxable,"Catalog, Search",0,,,,Peach Embalish Bag,,,,,,,,,,,,,,,,,,,,,,10,,,,,,,,,,,,,,,,,,,,,,,,,,,,,,,,,
EB002,,Default,simple,Bag,base,Golden Embalish Bag,"Hand embroided bag in antique gold plating features metal leaves, pipe , golden greyl stone. ",,,<ul><li></li><li></li></ul>,Golden,0,0,0,1,taxable,"Catalog, Search",0,,,,Golden Embalish Bag,,,,,,,,,,,,,,,,,,,,,,10,,,,,,,,,,,,,,,,,,,,,,,,,,,,,,,,,
EB003,,Default,simple,Bag,base,Silver Clutch,Hand embroided bag in silver plating features crystal stone and blue glass beads.,,,<ul><li></li><li></li></ul>,Silver,0,0,0,1,taxable,"Catalog, Search",0,,,,Silver Clutch,,,,,,,,,,,,,,,,,,,,,,10,,,,,,,,,,,,,,,,,,,,,,,,,,,,,,,,,
EG004,,Default,simple,Bag,base,Brown Leather Bag,"Hand embroided leather bag in gold plating features crystal ,golden, grey stone and metal leaves.",,,<ul><li></li><li></li></ul>,Brown,0,0,0,1,taxable,"Catalog, Search",0,,,,Brown Leather Bag,,,,,,,,,,,,,,,,,,,,,,10,,,,,,,,,,,,,,,,,,,,,,,,,,,,,,,,,
EB005,,Default,simple,Bag,base,Blue Leather Bag,Hand embroided leather bag in silver plating features crystal stones grey pipe  with metal balls,,,<ul><li></li><li></li></ul>,Blue,0,0,0,1,taxable,"Catalog, Search",0,,,,Blue Leather Bag,,,,,,,,,,,,,,,,,,,,,,10,,,,,,,,,,,,,,,,,,,,,,,,,,,,,,,,,
EB006,,Default,simple,Bag,base,Olive Metal Handle Bag,"Hand embroided leather bag in silver plating features crystal ,golden, grey stone , raffia and metal rod.",,,<ul><li></li><li></li></ul>,Olive,0,0,0,1,taxable,"Catalog, Search",4100,,,,Olive Metal Handle Bag,,,,,,,,,,,,,,,,,,,,,,10,,,,,,,,,,,,,,,,,,,,,,,,,,,,,,,,,
EP001,,Default,simple,Extra,base,Classic Hex Bracelet,"Handcrafted with rose gold plating ,this bracelet features crystal square ,baguette stone.                                                                                              Plating- Electroplated Rose Gold                                              Stone-Faceted Foiled Stone",Plating- Electroplated Rose gold                                               ,Stone-Faceted Foiled Stone,<ul><li>Plating- Electroplated Rose gold                                               </li><li>Stone-Faceted Foiled Stone</li></ul>,Rose gold,80,40,15,1,taxable,"Catalog, Search",2000,,,,Classic Hex Bracelet,,,,,,,,,,,,,,,,,,,,,,10,,,,,,,,,,,,,,,,,,,,,,,,,,,,,,,,,
EP002,,Default,simple,Extra,base,Grey emblished belt,"Gunmetal statement piece with eye catching embellishment with crystal,golden, grey  baguette .                                                                                 Plating- Electroplated Gunmetal                                           Stone-Faceted Foiled Stone",Plating- Electroplated Rose gold                                               ,Stone-Glass bead,<ul><li>Plating- Electroplated Rose gold                                               </li><li>Stone-Glass bead</li></ul>,black,450,80,442,1,taxable,"Catalog, Search",8000,,,,Grey emblished belt,,,,,,,,,,,,,,,,,,,,,,10,,,,,,,,,,,,,,,,,,,,,,,,,,,,,,,,,
